{
  "seed": 0,
  "n_terms": 4041,
  "treewidth": 12,
  "exact_time_s": 6.36,
  "bp_time_s": 0.31,
  "mean_err": 0.00020513674077435952,
  "p95_err": 8.870314711861838e-05,
  "max_err": 0.06390442618927715,
  "frac_err_gt_0p01": 0.006186587478346944,
  "multi_parent_mean_err": 0.0007366594128705278,
  "single_parent_mean_err": 0.00012350408374103426,
  "localization_ratio": 5.964656313836305,
  "n_multi_parent": 538,
  "upward_softor_mean_err": 0.03354265736522505,
  "upward_softor_max_err": 0.6777957387583264,
  "error_vs_indegree_slope": 0.0005373230437158057,
  "error_vs_indegree_intercept": -0.00041386465467187287
}