{
  "cc": {
    "n_terms": 4041,
    "nf2": 25,
    "core_frac": 0.0099,
    "n_modules": 1631,
    "max_module_tw": 4,
    "exact_frac": 0.9901,
    "val_err": 1.1102230246251565e-16,
    "time_s": 6.8
  },
  "mf": {
    "n_terms": 10131,
    "nf2": 71,
    "core_frac": 0.0299,
    "n_modules": 5529,
    "max_module_tw": 10,
    "exact_frac": 0.9701,
    "val_err": 1.1102230246251565e-16,
    "time_s": 48.1
  },
  "bp": {
    "n_terms": 25950,
    "nf2": 5646,
    "core_frac": 0.1697,
    "n_modules": 6833,
    "max_module_tw": 4,
    "exact_frac": 0.8303,
    "val_err": 1.1102230246251565e-16,
    "time_s": 264.2
  }
}