rank,KL,TV,gap_closed,projected,pre_projection_sum,projected_negative_mass,min_value_before_projection
1,1.9538,0.6749,0.0000,False,1.00000000,0.00000000,0.00000020
2,1.4632,0.3620,0.4636,True,0.77599415,0.04497443,-0.02367021
4,0.2642,0.1189,0.8238,True,0.95506519,0.00466278,-0.00122746
8,0.0000,0.0000,1.0000,False,1.00000000,0.00000000,-0.00000000
10,0.0000,0.0000,1.0000,False,1.00000000,0.00000000,-0.00000000
12,0.0000,0.0000,1.0000,False,1.00000000,0.00000000,-0.00000000
16,0.0000,0.0000,1.0000,False,1.00000000,0.00000000,-0.00000000
