{
  "four_node": {
    "1": 0.5,
    "2": 0.75,
    "3": 0.875,
    "5": 0.9375,
    "10": 0.9375
  },
  "bp_neighborhood_maxdrift": {
    "1": 0.20585772864572138,
    "3": 0.004040529054915476,
    "10": 1.1102230246251565e-16,
    "50": 1.1102230246251565e-16
  }
}