{
  "four_node": {
    "exact": 0.9375,
    "topk": {
      "1": 0.5,
      "2": 0.75,
      "3": 0.875,
      "5": 0.9375,
      "10": 0.9375
    }
  },
  "bp_neighborhoods": {
    "n_targets": 200,
    "summary": {
      "1": {
        "mean_drift": 0.10892423609796552,
        "max_drift": 0.33595759509395295
      },
      "2": {
        "mean_drift": 0.02362439742418516,
        "max_drift": 0.16660020440811674
      },
      "3": {
        "mean_drift": 0.0076975358121394825,
        "max_drift": 0.07976519148617389
      },
      "5": {
        "mean_drift": 0.0011627404010026022,
        "max_drift": 0.015956038489655766
      },
      "10": {
        "mean_drift": 1.0671337559778893e-05,
        "max_drift": 0.0003732398031484063
      },
      "20": {
        "mean_drift": 1.269529908975997e-09,
        "max_drift": 1.2330707910290784e-07
      },
      "50": {
        "mean_drift": 0.0,
        "max_drift": 0.0
      }
    }
  }
}