{
  "modes": 6,
  "exact_rank": 3,
  "rows": [
    {
      "model": "IA",
      "kl": 2.027325540540822,
      "tv": 0.8683127572016466,
      "wmc_relerr": 0.11111111111111094
    },
    {
      "model": "rank2",
      "kl": 0.3817925948084629,
      "tv": 0.2810405719180336,
      "wmc_relerr": 0.040828954338801626
    },
    {
      "model": "rank3",
      "kl": 3.5157062446463274e-16,
      "tv": 2.6727229679670253e-16,
      "wmc_relerr": 0.0
    }
  ]
}